{
  "minecraft:adventure/root": {
    "criteria": {
      "killed_by_something": "2024-09-07 09:34:49 -0500"
    },
    "done": true
  },
  "minecraft:recipes/decorations/gray_glazed_terracotta": {
    "criteria": {
      "has_gray_terracotta": "2024-09-07 09:47:49 -0500"
    },
    "done": true
  },
  "ags_day_counter:day_counter_root_advancement": {
    "criteria": {
      "day_counter_root_advancement": "2024-09-07 09:29:59 -0500"
    },
    "done": true
  },
  "minecraft:adventure/adventuring_time": {
    "criteria": {
      "minecraft:river": "2024-09-07 09:33:52 -0500",
      "minecraft:forest": "2024-09-07 09:33:16 -0500",
      "minecraft:jungle": "2024-09-06 18:42:57 -0500",
      "minecraft:plains": "2024-09-07 09:34:01 -0500"
    },
    "done": false
  },
  "DataVersion": 3120
}