{"stats":{"minecraft:used":{"minecraft:gray_bed":3,"minecraft:gray_terracotta":78},"minecraft:killed_by":{"minecraft:creeper":1},"minecraft:custom":{"minecraft:jump":45,"minecraft:time_since_rest":14348,"minecraft:damage_taken":220,"minecraft:crouch_one_cm":749,"minecraft:leave_game":2,"minecraft:sprint_one_cm":5897,"minecraft:play_time":18046,"minecraft:walk_one_cm":16726,"minecraft:time_since_death":14084,"minecraft:deaths":1,"minecraft:sneak_time":872,"minecraft:total_world_time":37008,"minecraft:climb_one_cm":378,"minecraft:fly_one_cm":112501}},"DataVersion":3120}