{
  "bonus_chest": false,
  "dimensions": {
    "minecraft:the_end": {
      "type": "minecraft:the_end",
      "generator": {
        "biome_source": {
          "type": "minecraft:the_end"
        },
        "settings": "minecraft:end",
        "type": "minecraft:noise"
      }
    },
    "minecraft:the_nether": {
      "type": "minecraft:the_nether",
      "generator": {
        "biome_source": {
          "preset": "minecraft:nether",
          "type": "minecraft:multi_noise"
        },
        "settings": "minecraft:nether",
        "type": "minecraft:noise"
      }
    },
    "lostcities:lostcity": {
      "type": "lostcities:lostcity",
      "generator": {
        "biome_source": {
          "preset": "minecraft:overworld",
          "type": "minecraft:multi_noise"
        },
        "settings": "minecraft:overworld",
        "type": "minecraft:noise"
      }
    },
    "minecraft:overworld": {
      "type": "minecraft:overworld",
      "generator": {
        "biome_source": {
          "preset": "minecraft:overworld",
          "type": "minecraft:multi_noise"
        },
        "settings": "minecraft:overworld",
        "type": "minecraft:noise"
      }
    }
  },
  "seed": -7384399582358372539,
  "generate_features": true
}